<?xml version="1.0" encoding="UTF-8" ?>
<!DOCTYPE configuration PUBLIC "-//mybatis.org//DTD Config 3.0//EN"
        "http://mybatis.org/dtd/mybatis-3-config.dtd">

<configuration>

    <!--
        properties标签必须放在configuration标签下的第一个，否则报错
        引入数据库配置文件
        resources：properties文件的全路径
    -->
    <properties resource="jdbc.properties"></properties>

    <!--typeAliases标签：可以为*mapper.xml配置文件中的java类型的全限定名取一个名别-->
    <typeAliases>
        <typeAlias type="com.eayon.pojo.User" alias="user"></typeAlias>
    </typeAliases>

    <!--
        environments：是配置多个jdbc运行环境
		default：表示使用的默认环境
	 -->
    <environments default="dev">
        <!--
			environment：标签用来配置一个环境
			id：是环境的标识
		 -->
        <environment id="dev">
            <!--
                当前事务交由JDBC进行管理
				transactionManager：配置使用什么样类型的数据库事务管理
				type="JDBC"：表示启用事务，有commit和rollback操作，常用
				type="MANAGED"：表示不直接控制事务。交给容器处理，几乎不用。
			 -->
            <transactionManager type="JDBC"/>
            <!--
				dataSource标签配置连接池
				type="POOLED"：表示启用数据库连接池
				type="UNPOOLED"：表示不启用数据库连接池
			 -->
            <dataSource type="POOLED">
                <!-- 连接数据库的驱动类 -->
                <property name="driver" value="${jdbc.driver}" />
                <!-- 数据库访问地址 -->
                <property name="url" value="${jdbc.url}" />
                <!-- 数据库用户名 -->
                <property name="username" value="${jdbc.username}" />
                <!-- 数据库密码 -->
                <property name="password" value="${jdbc.password}" />
            </dataSource>
        </environment>
    </environments>

    <!--引入mapper映射配置文件-->
    <mappers>
        <mapper resource="mapper/UserMapper.xml"></mapper>
    </mappers>

</configuration>