<?xml version="1.0" encoding="UTF-8" ?>
<!DOCTYPE mapper
        PUBLIC "-//mybatis.org//DTD Mapper 3.0//EN"
        "http://mybatis.org/dtd/mybatis-3-mapper.dtd">


<mapper namespace="com.eayon.mapper.OrdersMapper">

    <!-- type ：当前resultMap返回值类型-->
    <resultMap id="orderMap" type="com.eayon.pojo.Orders">
        <!--
            property：实体中属性
            column：数据库中字段
            jdbcType:数据类型
        -->
        <result property="id" column="id" jdbcType="INTEGER"/>
        <result property="orderTime" column="order_time" jdbcType="VARCHAR"/>
        <result property="total" column="total" jdbcType="DOUBLE"/>
        <result property="uid" column="uid" jdbcType="INTEGER"/>

        <!--配置User实体的映射-->
        <association property="user" javaType="com.eayon.pojo.User">
            <result property="id" column="uid"/>
            <result property="username" column="id"/>
        </association>
    </resultMap>

    <!--查询订单的同时并查询该订单所属用户信息-->
    <!-- resultMap：手动配置实体属性与表字段的映射关系-->
    <select id="findOrderAndUser" resultMap="orderMap">
        SELECT * FROM orders o,user u WHERE o.uid = u.id
    </select>

</mapper>