<?xml version="1.0" encoding="UTF-8" ?>
<!DOCTYPE mapper
        PUBLIC "-//mybatis.org//DTD Mapper 3.0//EN"
        "http://mybatis.org/dtd/mybatis-3-mapper.dtd">


<mapper namespace="com.eayon.mapper.UserMapper">

    <!--使用redisCache作为二级缓存的功能实现类-->
    <!--<cache type="org.mybatis.caches.redis.RedisCache"></cache>-->
    <cache/>

    <!-- type ：当前resultMap返回值类型-->
    <resultMap id="userMap" type="com.eayon.pojo.User">
        <id property="id" column="id"/>
        <result property="username" column="username"/>

        <!--
            property：实体中属性
            column：数据库中字段
            ofType：集合中元素实体的全路径
        -->
        <collection property="ordersList" ofType="com.eayon.pojo.Orders">
            <id property="id" column="oid"/>
            <result property="uid" column="uid"/>
            <result property="orderTime" column="orderTime"/>
            <result property="total" column="total"/>
        </collection>
    </resultMap>

    <!--查询所有用户信息，并查出每个用户关联的订单信息-->
    <select id="findAll" resultMap="userMap">
        select u.*,o.id oid,o.order_time orderTime,o.total,o.uid from user u left join orders o on u.id=o.uid
    </select>



    <resultMap id="userRoleMap" type="com.eayon.pojo.User">
        <id property="id" column="id"/>
        <result property="username" column="username"/>

        <!--
            property：实体中属性
            column：数据库中字段
            ofType：集合中元素实体的全路径
        -->
        <collection property="roleList" ofType="com.eayon.pojo.Role">
            <id property="id" column="rid"/>
            <result property="roleName" column="role_name"/>
        </collection>
    </resultMap>

    <!--查询用户的同时查询处该用户的所有角色-->
    <select id="findAllUserAndRole" resultMap="userRoleMap">
        select u.*,r.id rid,r.role_name from user u left join user_role ur on u.id=ur.user_id inner join role r on ur.role_id=r.id
    </select>

    <!--
        useCache="false" 禁用二级缓存
        flushCache="false" 关闭刷新二级缓存
    -->
    <select id="findById" resultType="com.eayon.pojo.User">
        select * from user where id = #{id}
    </select>


</mapper>