<?xml version="1.0" encoding="UTF-8" ?>
<!DOCTYPE mapper
        PUBLIC "-//mybatis.org//DTD Mapper 3.0//EN"
        "http://mybatis.org/dtd/mybatis-3-mapper.dtd">

<!--namespace：需要和UserMapper的全路径保持相同 这样才能映射找到 -->
<mapper namespace="com.eayon.mapper.UserMapper">

    <!--SQL片段抽取-->
    <sql id="baseSql">
        SELECT id,username FROM user
    </sql>

    <!--
        namespace：命名空间 与id组成statementId用于定位sql
        id：该条sql语句在当前UserMapper.xml中的唯一标识 与namespace组成statementId用于定位sql
        resultType：表明返回值类型
        parameterType：表明参数类型
    -->

    <!--id：需要和UserMapper中的对应方法名保持一致-->
    <select id="findById" parameterType="integer" resultType="user">
        <include refid="baseSql"></include> WHERE id = #{id}
    </select>

    <!--多条件查询 用于演示：if - where -->
    <select id="findByCondition" resultType="com.eayon.pojo.User">
        <include refid="baseSql"></include>
        <where>
            <if test="id != null">
                id = #{id}
            </if>
            <if test="username != null">
                username = #{username}
            </if>
        </where>
    </select>

    <!--多值查询：演示foreach-->
    <select id="findByIds" resultType="com.eayon.pojo.User">
        <include refid="baseSql"></include>
        <where>
            id IN
            /*
            collection：表示遍历的集合
            open：表示遍历输出之前的内容
            close：表示遍历输出后的内容
            separator：每遍历一个元素中间进行间隔的内容
            item：当前正在遍历的元素名称
            */
            <foreach collection="list" open="(" separator="," close=")" item="item_id">
                #{item_id}
            </foreach>
        </where>
    </select>

</mapper>
